Gene1,Gene2
AR,RGPD2
BCL11A,RGPD2
CTBP2,TFAP2A
CTBP2,EOMES
CTBP2,PALLD
CTBP2,WDR35
CTBP2,TJP2
CTBP2,WDHD1
CTBP2,WLS
CTBP2,ZDHHC21
CTBP2,TNC
CTBP2,PRDM1
CTBP2,DCLK1
CTBP2,ASNS
CTBP2,NDUFC2-KCTD14
CTBP2,ARHGAP42
CTBP2,SLC19A2
CTBP2,ENC1
CTBP2,STAT3
CTBP2,DUSP4
CTBP2,CPE
CTBP2,CAP2
CTBP2,MME
CTBP2,TMEM38B
CTBP2,TIPARP
CTBP2,HOMER1
CTBP2,CDC7
CTBP2,ADAMTS3
CTBP2,SNX14
CTBP2,RHOBTB3
CTBP2,PPM1H
CTBP2,VPS13C
CTBP2,USP44
CTBP2,SLC39A11
CTBP2,CA2
CTBP2,C4orf46
CTBP2,TEX10
CTBP2,NCAM1
CTBP2,CALB1
CTBP2,SLC35A3
CTBP2,DPYSL3
CTBP2,KIAA1324L
CTBP2,VIM
CTBP2,STT3B
CTBP2,LIPG
CTBP2,GDAP1
CTBP2,MAGI3
CTBP2,ZNF521
CTBP2,DYNC1I1
CTBP2,FBXO34
CTBP2,RAD51AP1
CTBP2,BCAR3
CTBP2,ALCAM
CTBP2,PELI2
CTBP2,OXTR
CTBP2,DLC1
CTBP2,TIPIN
CTBP2,PDLIM3
CTBP2,OTX2
CTBP2,TDRD7
CTBP2,LRR1
CTBP2,SEMA6A
CTBP2,MMP16
CTBP2,FEZ1
CTBP2,ANKRD13C
CTBP2,TMOD1
CTBP2,DTL
CTBP2,ARL4A
CTBP2,TSPAN12
CTBP2,SENP7
CTBP2,PREPL
CTBP2,MAN1A1
CTBP2,ITM2A
CTBP2,SOX17
CTBP2,KLHL12
CTBP2,CCPG1
CTBP2,SNAI2
CTBP2,RPP40
CTBP2,CAMK2D
CTBP2,PLAU
CTBP2,PDE3B
CTBP2,NUP54
CTBP2,IL6ST
CTBP2,NOC3L
CTBP2,SLC39A8
CTBP2,TRIM2
CTBP2,SH3BGRL2
CTBP2,PRSS35
CTBP2,AGL
CTBP2,CPVL
CTBP2,TCF4
CTBP2,RSPO3
CTBP2,TNFRSF11B
CTBP2,PGM2
CTBP2,ELMOD2
CTBP2,PLXNA2
CTBP2,NIPSNAP3A
CTBP2,COBLL1
CTBP2,COL5A1
CTBP2,RFC3
CTBP2,KIF15
CTBP2,GABRB2
CTBP2,CYP1B1
CTBP2,TTC27
CTBP2,RAVER2
CTBP2,THAP9
CTBP2,TADA1
CTBP2,PAM
CTBP2,ATP11B
CTBP2,TMSB15B
CTBP2,DEPDC1B
CTNNB1,RGPD2
CTNNB1,CER1
CTNNB1,MCC
CTNNB1,AK4
CTNNB1,DKK1
CTNNB1,SFRP2
CTNNB1,PRICKLE1
CTNNB1,DCLK1
CTNNB1,OTX2
CTNNB1,DKK4
CTNNB1,NEDD9
CTNNB1,TNC
CTNNB1,DUSP4
CTNNB1,WLS
CTNNB1,CYP1B1
CTNNB1,UNC5D
CTNNB1,NUP54
CTNNB1,USP44
CTNNB1,ENC1
CTNNB1,PHLDB2
CTNNB1,RGS5
CTNNB1,SMAD2
CTNNB1,KLHL4
CTNNB1,VPS13C
CTNNB1,BTBD10
CTNNB1,COL4A1
CTNNB1,PAM
CTNNB1,NCAM1
CTNNB1,LPIN1
CTNNB1,TNFRSF11B
CTNNB1,GPR83
CTNNB1,CD200
CTNNB1,CYP26A1
CTNNB1,BAMBI
CTNNB1,RHOBTB3
CTNNB1,PMAIP1
CTNNB1,PALLD
CTNNB1,PRDM1
CTNNB1,TET2
CTNNB1,FBXO28
CTNNB1,SAMD3
CTNNB1,HOMER1
CTNNB1,EPCAM
CTNNB1,TCF4
CTNNB1,MATN3
CTNNB1,FOXP1
CTNNB1,DCAF6
CTNNB1,SH3BGRL2
CTNNB1,ANXA3
CTNNB1,SEMA3E
CTNNB1,MRPL1
CTNNB1,TTC27
CTNNB1,NCAPG
CTNNB1,SKA3
CTNNB1,ABCA1
CTNNB1,SNAI2
CTNNB1,GATA4
CTNNB1,ASNS
CTNNB1,MIA3
DNMT3B,OXTR
EGR1,WDHD1
EGR1,NOL11
EGR1,TMEM131
EGR1,KDELR3
EGR1,PTGR1
EGR1,DCAF6
EGR1,KIF15
EGR1,CTNNB1
EGR1,ANKMY2
EGR1,SLC39A8
EGR1,SNX18
EGR1,PGM2
EGR1,NUP54
EGR1,PRIM1
EGR1,CASD1
EGR1,SENP7
EGR1,MEX3C
EGR1,POLR3G
EGR1,PNPLA8
EGR1,ANKRD26
EGR1,NUCB2
EGR1,TDRD7
EGR1,NEDD4
EGR1,EGR1
EGR1,VPS13C
EGR1,NUP35
EGR1,DNAAF2
EGR1,TEX10
EGR1,ECI2
EGR1,B4GALT4
EGR1,CCDC82
EGR1,ATG4C
EGR1,ARHGAP42
EGR1,RHOBTB3
EGR1,ARFGAP3
EGR1,HOMER1
EGR1,MIA3
EGR1,RGPD2
EGR1,NDUFC2-KCTD14
EGR1,TRAPPC8
EGR1,ZFYVE16
EGR1,TCF4
EGR1,RMI1
EGR1,WDR35
EGR1,FARSB
EGR1,ZNF207
EGR1,PRICKLE1
EGR1,ANXA3
EGR1,ZNF280B
EGR1,RFESD
EGR1,KIAA1324L
EGR1,SLC36A4
EGR1,TJP2
EGR1,ATP2B4
EGR1,REV3L
EGR1,MAN1A1
EGR1,TIPARP
EGR1,PRKACB
EGR1,KLF5
EGR1,GLDC
EGR1,SLC39A11
EGR1,ALG6
EGR1,PRTG
EGR1,ANKRD50
EGR1,ELOVL2
EGR1,ADAMTS3
EGR1,MYOF
EGR1,TP53
EGR1,SEMA6A
EGR1,ST8SIA4
EGR1,ODC1
EGR1,CDC7
EGR1,CA2
EGR1,STAT3
EGR1,FBXO28
EGR1,LIFR
EGR1,PDE3B
EGR1,JUND
EGR1,ABLIM1
EGR1,ENC1
EGR1,MXI1
EGR1,LEF1
EGR1,UTP18
EGR1,AGL
EGR1,TADA1
EGR1,SPPL2A
EGR1,WDFY1
EGR1,TFB2M
EGR1,PELI2
EGR1,ZNF518B
EGR1,PLXNA2
EGR1,RPP40
EGR1,FER
EGR1,PPP1R9A
EGR1,PLK2
EGR1,ARHGAP29
EGR1,FBXO34
EGR1,LPGAT1
EGR1,NOC3L
EGR1,TFAP2A
EGR1,ST3GAL6
EGR1,SOX2
EGR1,SLC35A3
EGR1,GATA6
EGR1,RRN3
EGR1,BAMBI
EGR1,PALLD
EGR1,XRN1
EGR1,MMP16
EGR1,RTKN2
EGR1,PHLDB2
EGR1,WDR3
EGR1,EOMES
EGR1,NCAM1
EGR1,COBLL1
EGR1,CALB1
EGR1,PDGFRA
EGR1,DUSP4
EGR1,AR
EGR1,PLAU
EGR1,CLDN10
EGR1,PAM
EGR1,TEAD4
EGR1,WLS
EGR1,GABRB3
EGR1,ALCAM
EGR1,DCLK1
EGR1,CCDC80
EGR1,COL5A1
EGR1,ZNF521
EGR1,ZFP42
EOMES,CER1
EOMES,DCLK1
EOMES,SAMD3
EOMES,KLHL4
EOMES,KIAA1324L
EOMES,RIPPLY1
EOMES,OTX2
EOMES,NCAM1
EOMES,MATN3
EOMES,TNC
EOMES,ANGPT2
EOMES,VWA5A
EOMES,CA14
EOMES,CLGN
EOMES,RND3
EOMES,MAMLD1
EOMES,TTC39B
EOMES,SIPA1L2
EOMES,GATA4
EOMES,SEMA3E
EOMES,ALPK2
EOMES,PIP4K2A
EOMES,UNC5D
EOMES,KDM2B
EOMES,BCAR3
EOMES,C4orf46
EOMES,NUP54
EOMES,NANOG
EOMES,DAAM1
EOMES,GLRX
EOMES,GYPB
EOMES,FAM117B
EOMES,PLOD2
EOMES,FOXH1
EOMES,PRICKLE1
EOMES,KLHL6
EOMES,TNFRSF11B
EOMES,DYNC1I1
EOMES,DKK4
EOMES,CEP85L
EOMES,PLAU
EOMES,ATG4C
EOMES,WDR3
EOMES,ZNF521
EOMES,SLC39A8
EOMES,CDC7
EOMES,SLITRK2
EOMES,TTK
EOMES,PRIM1
EOMES,PAM
EOMES,ARHGAP28
EOMES,CPE
EOMES,ATP2B4
EOMES,RGS5
EOMES,ENC1
EOMES,MFAP4
EOMES,COL4A6
EOMES,ESCO2
EOMES,ZNF207
EOMES,TEAD4
EOMES,TP53
EOMES,WDHD1
EOMES,DKK1
EOMES,SEMA6A
EOMES,BAMBI
EOMES,TMEM64
EOMES,RNF138
EOMES,GYPE
EOMES,CALB1
EOMES,KDELR3
EOMES,GATA6
EOMES,NDUFC2-KCTD14
EOMES,PREPL
EOMES,MXI1
EOMES,CD9
EOMES,ECI2
EOMES,AK4
EOMES,PPM1H
EOMES,NOL11
EOMES,MIA3
EOMES,NUAK1
EOMES,RAD51AP1
EOMES,TMEM38B
EOMES,ARL4D
EOMES,PGM2
EOMES,SLC39A11
EOMES,RPL17-C18orf32
EOMES,LGALSL
EOMES,CAMK2D
EOMES,FLRT2
EOMES,CA2
EOMES,ST8SIA1
EOMES,SKA3
EOMES,OAS1
EOMES,STIM2
EOMES,INSIG2
EOMES,TP53INP1
EOMES,ADAMTS3
EOMES,NOC3L
EOMES,ANKRD13C
EOMES,WLS
EOMES,RMI1
EOMES,RGPD2
EOMES,POLR3G
EOMES,PMP22
EOMES,PALLD
EOMES,DUSP4
EOMES,PPT2
EOMES,MRPL1
EOMES,GPSM2
EOMES,YPEL5
EOMES,TCF7L1
EOMES,UTP18
EOMES,CTNNB1
EOMES,CCKBR
EOMES,CNKSR3
EOMES,BTBD10
EOMES,TRDN
EOMES,KDM6A
EOMES,TMEM131
EOMES,MRPS35
EOMES,CEP55
EOMES,MAGI3
EOMES,FOXP1
EOMES,ANKRD50
EOMES,PHLDB2
EOMES,FN1
EOMES,SEMA3A
EOMES,DDAH1
EOMES,DCAF6
EOMES,TSPAN12
EOMES,PHLDA1
EOMES,FREM1
EOMES,PCDH7
EOMES,PDE3B
EOMES,CDCA2
EOMES,TIPIN
EOMES,EOMES
EOMES,NEDD4
EOMES,UBTF
EOMES,HAS2
EOMES,TIPARP
EOMES,C3orf14
EOMES,STAT3
EOMES,KLHL28
EOMES,KIF21A
EOMES,CCDC138
EOMES,SEMA6D
EOMES,CCDC141
EOMES,SLC6A15
EOMES,FAM135A
EOMES,TJP2
EOMES,FBN1
EOMES,EMB
EOMES,ARFGAP3
EOMES,VIM
EOMES,PRKACB
EOMES,REV3L
EOMES,BUB1B
EOMES,ARHGAP42
EOMES,SNAI2
EOMES,HSD17B11
EOMES,CAP2
EOMES,SLC35F1
EOMES,PRSS35
EOMES,HOMER1
EOMES,ESRP1
EOMES,CCPG1
EOMES,FARSB
EOMES,EXO1
EOMES,ANKRD28
EOMES,KIF15
EOMES,JUND
EOMES,NAP1L3
EOMES,BCL11A
EOMES,TEX10
EOMES,TDP2
EOMES,NTS
EOMES,KLF5
EOMES,EPCAM
EOMES,SNX14
EOMES,RFC3
EOMES,GYPA
EOMES,AGL
EOMES,DEPDC1B
EOMES,TGFBR3
EZH2,RGPD2
EZH2,RSPO3
EZH2,ELOVL2
EZH2,LGR5
EZH2,SEMA6D
EZH2,CRHBP
EZH2,ST8SIA1
EZH2,ERBB4
EZH2,LIMCH1
EZH2,CPVL
EZH2,SOX17
EZH2,PLXNA2
EZH2,GPR83
EZH2,CYP26A1
EZH2,ROR2
EZH2,PRTG
EZH2,TMOD1
EZH2,CCKBR
EZH2,DUSP4
EZH2,EPB41L3
EZH2,HTRA1
EZH2,FAM89A
EZH2,BMPER
EZH2,CYP1B1
EZH2,GATA4
EZH2,COLEC12
EZH2,GATM
EZH2,PDGFRA
EZH2,MAMLD1
EZH2,PDE3B
EZH2,LEF1
EZH2,ARHGAP29
EZH2,TGFBR3
EZH2,PMP22
EZH2,PENK
EZH2,OXTR
EZH2,SLCO2A1
EZH2,CHL1
EZH2,UNC5C
EZH2,FBN1
EZH2,DDAH1
EZH2,GABRB2
EZH2,GATA2
EZH2,HAND2
EZH2,TRIM2
EZH2,SLC39A8
EZH2,MLLT3
EZH2,CPE
EZH2,MCC
EZH2,ST3GAL6
EZH2,CLDN11
EZH2,RFPL2
EZH2,TDRD7
EZH2,HAND1
EZH2,DCLK1
EZH2,MXI1
EZH2,B3GNT5
EZH2,SERPINE2
EZH2,RAB31
EZH2,GAD1
EZH2,DYNC1I1
EZH2,SLITRK2
EZH2,TET2
EZH2,FLRT2
EZH2,DLC1
EZH2,CDH11
EZH2,GLIPR2
EZH2,EOMES
EZH2,OTX2
EZH2,PGM2
FOXH1,SNX18
FOXH1,CER1
FOXH1,MANEA
FOXH1,TTC39B
FOXH1,ARHGAP28
FOXH1,MXI1
FOXH1,SEMA3E
FOXH1,LGR4
FOXH1,ANGPT2
FOXH1,KIAA1324L
FOXH1,PRDM1
FOXH1,PIP4K2A
FOXH1,OXTR
FOXH1,ACTC1
FOXH1,NANOG
FOXH1,KLHL4
FOXH1,RFPL2
FOXH1,EPHA4
FOXH1,AK4
FOXH1,NEDD4
FOXH1,CA14
FOXH1,MATN3
FOXH1,PAM
FOXH1,SLITRK2
FOXH1,TP53INP1
FOXH1,CYP26A1
FOXH1,ROR2
FOXH1,ABLIM1
FOXH1,ATP11B
FOXH1,BAMBI
FOXH1,RIPPLY1
FOXH1,NRP2
FOXH1,RGPD2
FOXH1,CALB1
FOXH1,SLC35F1
FOXH1,NUSAP1
FOXH1,CCNE2
FOXH1,WDHD1
FOXH1,LIMCH1
FOXH1,OTX2
FOXH1,ALPK2
FOXH1,RGS5
FOXH1,TNC
FOXH1,WDFY1
FOXH1,C4orf46
FOXH1,CNKSR3
FOXH1,BCAR3
FOXH1,FREM1
FOXH1,SEMA6D
FOXH1,RNF13
FOXH1,SLC46A3
FOXH1,KLHL6
FOXH1,FAM117B
FOXH1,CTBP2
FOXH1,CCNA2
FOXH1,LGR5
FOXH1,ANKRD28
FOXH1,LIPG
FOXH1,ITM2A
FOXH1,MAGI3
FOXH1,SNX14
FOXH1,CLDN10
FOXH1,CDK6
FOXH1,PRICKLE1
FOXH1,TJP2
FOXP1,FOXP1
FOXP1,RGPD2
FOXP1,TCF4
FOXP1,EXO1
FOXP1,ANKRD28
FOXP1,KLHL12
FOXP1,ZNF521
FOXP1,STIM2
FOXP1,SLC36A4
FOXP1,DAAM1
FOXP1,TIPARP
FOXP1,MRPL1
FOXP1,CASD1
FOXP1,ELOVL2
FOXP1,TDP2
FOXP1,RIN2
FOXP1,ARL4A
FOXP1,DTL
FOXP1,TRAPPC8
FOXP1,BCAR3
FOXP1,CCPG1
FOXP1,TADA1
FOXP1,NOC3L
FOXP1,TDRD7
FOXP1,XRN1
FOXP1,NOL11
FOXP1,ASNS
FOXP1,SNX18
FOXP1,UTP15
FOXP1,CCNA2
FOXP1,NUP54
FOXP1,TFB2M
FOXP1,KLHL28
FOXP1,OTUD6B
FOXP1,AMN1
FOXP1,DEPDC1B
FOXP1,TP53
FOXP1,BUB1B
FOXP1,YPEL5
FOXP1,CTNNB1
FOXP1,CEP290
FOXP1,WDR35
FOXP1,OXTR
FOXP1,C4orf46
FOXP1,VPS13C
FOXP1,PNPLA8
FOXP1,ALG6
FOXP1,ENC1
FOXP1,KIF15
FOXP1,RNF138
FOXP1,PMP22
FOXP1,ZFYVE16
FOXP1,CCDC82
FOXP1,STAT3
FOXP1,KLHL4
FOXP1,GCA
FOXP1,PREPL
FOXP1,KIAA1324L
FOXP1,ITPR2
FOXP1,RTKN2
FOXP1,NDUFC2-KCTD14
FOXP1,DKK1
FOXP1,SEMA6A
FOXP1,MMP16
FOXP1,TSPAN12
FOXP1,PPM1H
FOXP1,LPGAT1
FOXP1,MIA3
FOXP1,PRICKLE1
FOXP1,CNKSR3
FOXP1,FBXO34
FOXP1,ROR2
FOXP1,DNAAF2
FOXP1,ACOX3
FOXP1,TTC39B
FOXP1,ALCAM
FOXP1,STK38L
FOXP1,GLMN
FOXP1,ZNF30
FOXP1,TBC1D4
FOXP1,CEP55
FOXP1,MAP4K3
FOXP1,TEX10
FOXP1,ST8SIA1
FOXP1,INSIG2
FOXP1,KIF21A
FOXP1,KLF5
FOXP1,IL6ST
FOXP1,ESCO2
FOXP1,TCF7L1
FOXP1,DCAF6
FOXP1,JUND
FOXP1,ARFGAP3
FOXP1,PRKACB
FOXP1,CAMK2D
FOXP1,CCDC138
FOXP1,TEAD4
FOXP1,SORL1
FOXP1,RALB
FOXP1,TP53INP1
FOXP1,KLHL24
FOXP1,RPP40
FOXP1,BAMBI
FOXP1,WDHD1
FOXP1,NRP2
FOXP1,NCAPG
FOXP1,CDC7
FOXP1,PMAIP1
FOXP1,CALB1
FOXP1,UNC5D
FOXP1,CLDN10
FOXP1,DUSP4
FOXP1,NDC80
FOXP1,CLGN
FOXP1,PDGFRA
FOXP1,WDFY1
FOXP1,TTK
FOXP1,MXI1
FOXP1,ARHGAP28
FOXP1,ANKMY2
FOXP1,TMEM47
FOXP1,THAP9
FOXP1,COL4A1
FOXP1,GABRB3
FOXP1,RAD51AP1
FOXP1,RFC3
FOXP1,SLC39A11
FOXP1,TTC27
FOXP1,VAMP7
FOXP1,NEDD9
FOXP1,RND3
FOXP1,BTBD10
FOXP1,CPE
FOXP1,PLK2
FOXP1,FLRT3
FOXP1,CUL1
FOXP1,S1PR3
FOXP1,CDCA8
FOXP1,GAD1
FOXP1,TNC
FOXP1,PRSS35
FOXP1,DPYSL3
FOXP1,ANKRD13C
FOXP1,PRIM1
FOXP1,BNIP3
FOXP1,GLDC
FOXP1,SH3RF1
FOXP1,TMSB15B
FOXP1,RMI1
FOXP1,PDE3B
FOXP1,NUAK1
FOXP1,GPSM2
FOXP1,DNMT3B
FOXP1,COL5A1
FOXP1,SKA3
FOXP1,PHC1
FOXP1,LTBP1
FOXP1,PTPRZ1
GATA2,GATA6
GATA2,COLEC12
GATA2,ANXA3
GATA2,DLC1
GATA2,PPP1R9A
GATA3,RFESD
GATA3,MPHOSPH9
GATA3,POU5F1
GATA3,COLEC12
GATA3,ANXA3
GATA3,CD9
GATA3,ELMOD2
GATA3,GATA6
GATA3,TEAD4
GATA3,MME
GATA3,BTBD10
GATA3,DLC1
GATA3,VWA5A
GATA3,TCF4
GATA3,BCAR3
GATA3,SYNE2
GATA3,CAMK2D
GATA3,ST8SIA1
GATA3,PPP1R9A
GATA3,HSD17B11
GATA3,ST3GAL6
GATA3,SEMA3E
GATA3,PALLD
GATA3,RALB
GATA3,RGS5
GATA3,MCCC1
GATA3,BAMBI
GATA3,CCKBR
GATA3,CCDC141
GATA3,SERPINE2
GATA3,B4GALT4
GATA3,KLHL4
GATA3,EPHA4
GATA3,SIPA1L2
GATA3,CLDN10
GATA3,NTS
GATA4,CCDC141
GATA4,VWA5A
GATA4,C4orf46
GATA4,COLEC12
GATA4,RGS5
GATA4,MPHOSPH9
GATA4,ALPK2
GATA4,TEAD4
GATA4,GATA6
GATA4,BTBD10
GATA4,CEP85L
GATA4,GATA4
GATA4,ANXA3
GATA4,TNC
GATA4,ALCAM
GATA4,TCF4
GATA4,PAM
GATA4,ST8SIA1
GATA4,SLC39A8
GATA4,ANGPT2
GATA4,KDM2B
GATA4,TTK
GATA4,KIAA1324L
GATA4,NOC3L
GATA4,ODC1
GATA4,CALB1
GATA4,ST3GAL6
GATA4,RIN2
GATA4,SAMD3
GATA6,GATA6
GATA6,RGS5
GATA6,C4orf46
GATA6,TEAD4
GATA6,RGPD2
GATA6,CCDC141
GATA6,CEP85L
GATA6,VWA5A
GATA6,COLEC12
GATA6,BTBD10
GATA6,SLC39A8
GATA6,TNC
GATA6,KDM2B
GATA6,ST8SIA1
GATA6,FOXP1
GATA6,CALB1
GATA6,ALPK2
HAND2,ALPK2
HAND2,CDK6
JUND,STAT3
JUND,VIM
JUND,RGPD2
JUND,CAP2
JUND,CHEK2
JUND,KLHL12
JUND,CAMK2D
JUND,MIA3
JUND,EPCAM
JUND,NDC80
JUND,NUP54
JUND,ACOX3
JUND,C4orf46
JUND,UTP18
JUND,PNPLA8
JUND,NOL11
JUND,TP53
JUND,ANKMY2
JUND,ZNF512
JUND,MRPL1
JUND,MRPS30
JUND,MCC
JUND,PPT2
JUND,JUND
JUND,KIF15
JUND,ABLIM1
JUND,FBXO34
JUND,VWA5A
JUND,RFC3
JUND,NDUFC2-KCTD14
JUND,TRUB1
JUND,MRPS35
JUND,HOMER1
JUND,MBIP
JUND,NUAK1
JUND,TJP2
JUND,TFB2M
JUND,RAD51AP1
JUND,C3orf14
JUND,FLRT3
JUND,CTNNB1
JUND,ANXA3
JUND,VAMP7
JUND,LGALSL
JUND,TDP2
JUND,FBXO28
JUND,BAG3
JUND,DAAM1
JUND,SLC36A4
JUND,FER
JUND,YPEL5
JUND,UTP15
JUND,DLC1
JUND,ANKRD13C
JUND,TNC
JUND,SLC35A3
JUND,ZBTB10
JUND,TCF4
JUND,TRAPPC8
JUND,XRN1
JUND,ITGA5
JUND,RRN3
JUND,WDHD1
JUND,GATA3
JUND,PAM
JUND,RPL17-C18orf32
JUND,PALLD
JUND,PREPL
JUND,NUP35
JUND,CPE
JUND,STK38L
JUND,GATM
JUND,PHLDB2
JUND,NOC3L
JUND,TRIM28
JUND,MCCC1
JUND,DCLK1
JUND,DTL
JUND,REV3L
JUND,PDLIM3
JUND,CCNA2
JUND,RTKN2
JUND,FARSB
JUND,GDAP1
JUND,SEMA6A
JUND,KIF21A
JUND,CCDC138
JUND,CEP55
JUND,CCPG1
JUND,FN1
JUND,ALCAM
JUND,POLB
JUND,FAM135A
JUND,MXI1
JUND,ARL4A
JUND,TRIM2
JUND,RMI1
JUND,BCAR3
JUND,NCAM1
JUND,WDR12
JUND,SLC19A2
JUND,ASNS
JUND,CDCA2
JUND,GPC6
JUND,AMN1
JUND,SLC39A11
JUND,WDFY1
JUND,SNX18
JUND,TDRD7
JUND,ZNF521
JUND,DCAF6
JUND,STT3B
JUND,TEX10
JUND,WDR35
JUND,SLC46A3
JUND,TIPIN
JUND,SEMA3A
JUND,ACTC1
JUND,FOXP1
JUND,BLM
JUND,GCA
JUND,UNC5D
JUND,CCDC82
JUND,PPM1H
JUND,KLHL4
JUND,RFPL2
JUND,ARL4D
JUND,DNAJB14
JUND,DECR1
JUND,NUSAP1
JUND,TMEM131
JUND,PRICKLE1
JUND,ELOVL2
JUND,FAM117B
JUND,OXTR
JUND,RNF138
JUND,RPP40
JUND,ANKRD50
JUND,PLOD2
JUND,CPVL
JUND,PRMT6
JUND,CDC7
JUND,B4GALT4
JUND,CALB1
JUND,ITPR2
JUND,GPSM2
JUND,GLMN
JUND,PHLDA1
JUND,KIAA1324L
JUND,DNA2
JUND,ADAMTS3
JUND,PRKACB
JUND,TP53INP1
JUND,PMAIP1
JUND,TMSB15B
JUND,ESRP1
JUND,PDGFRA
JUND,ARFGAP3
JUND,SH3BGRL2
JUND,NTS
JUND,SORL1
JUND,GABRB3
JUND,CER1
JUND,RRAS2
JUND,SLC39A8
JUND,COL1A2
JUND,PRSS35
JUND,CDK6
JUND,ENC1
JUND,COBLL1
JUND,ARHGAP28
JUND,DNMT3B
JUND,CUL1
JUND,DPYSL3
JUND,MALT1
JUND,TIMP3
JUND,CCKBR
JUND,USP44
JUND,JPH1
JUND,RGS5
JUND,HEG1
JUND,KDR
JUND,PTPRZ1
JUND,NANOG
JUND,SLITRK2
JUND,ROR2
KDM2B,ASNS
KDM2B,SNX18
KDM2B,PRICKLE1
KDM2B,PAM
KDM2B,KIAA1324L
KDM2B,PALLD
KDM2B,RRAS2
KDM2B,GLIPR2
KDM2B,DPYSL3
KDM2B,KLF5
KDM2B,SLC46A3
KDM2B,IL6ST
KDM2B,DNMT3B
KDM2B,SERPINE2
KDM2B,ARHGAP42
KDM2B,TSPAN12
KDM2B,ODC1
KDM2B,LGR4
KDM2B,DLC1
KDM2B,PLAU
KDM2B,STK38L
KDM2B,CA2
KDM2B,TGFBR3
KDM2B,PLSCR4
KDM2B,DDHD2
KDM2B,GATM
KDM2B,MALT1
KDM2B,UTP18
KDM2B,RHOBTB3
KDM2B,SYNE2
KDM2B,PPM1H
KDM2B,CNKSR3
KDM2B,KIF23
KDM2B,DEPDC1B
KDM2B,ABLIM1
KDM2B,PRDM1
KDM2B,SPPL2A
KDM2B,ENC1
KDM2B,MCC
KDM2B,CAMK2D
KDM2B,HAPLN1
KDM2B,FAM135A
KDM2B,HOMER1
KDM2B,ITGA6
KDM2B,BCAR3
KDM2B,ALG6
KDM2B,PLK2
KDM2B,CLGN
KDM2B,MAGI3
KDM2B,TEAD4
KDM2B,TRIM2
KDM2B,SLC19A2
KDM2B,SORL1
KDM2B,ARL4D
KDM2B,LPGAT1
KDM2B,BAMBI
KDM2B,TJP2
KDM2B,CEP85L
KDM2B,ZDHHC21
KDM2B,PMP22
KDM2B,KIF21A
KDM2B,ST3GAL6
KDM2B,TET2
KDM2B,CCNB2
KDM2B,NT5DC3
KDM2B,ARHGAP28
KDM2B,HEG1
KDM2B,PPP1R9A
KDM2B,TDRD7
KDM2B,EMB
KDM2B,PLOD2
KDM2B,LTBP1
KDM2B,SLC39A8
KDM2B,SLC35A3
KDM2B,PELI2
KDM2B,SNAI2
KDM2B,GPSM2
KDM2B,B4GALT4
KDM2B,TCF4
KDM2B,LRRCC1
KDM2B,PLXNA2
KDM2B,ITPR2
KDM2B,DYNC1I1
KDM2B,ZNF280B
KDM2B,MRPS30
KDM2B,SNX14
KDM2B,PHLDA1
KDM2B,FAM89A
KDM2B,BNIP3
KDM2B,LIFR
KDM2B,SLC35F1
KDM2B,FEZ1
KDM2B,SH3RF1
KDM2B,CCDC138
KDM2B,TMEM131
KDM2B,KRCC1
KDM2B,ATP11B
KDM2B,TIPARP
KDM2B,LIMCH1
KDM2B,TADA1
KDM2B,LRIG3
KDM2B,LGALSL
KDM2B,TMEM64
KDM2B,CBR1
KDM2B,DDAH1
KDM2B,TCF7L1
KDM2B,MPHOSPH9
KDM2B,COMMD10
KDM2B,COBLL1
KDM2B,CPVL
KDM2B,FER
KDM2B,AMIGO2
KDM2B,CPE
KDM2B,NDUFC2-KCTD14
KDM2B,RAB31
KDM2B,MXI1
KDM2B,GLMN
KDM2B,TMOD1
KDM2B,VPS54
KDM2B,AGL
KDM2B,BMPER
KDM2B,BAG3
KDM2B,RAVER2
KDM2B,PREPL
KDM2B,CEP55
KDM2B,POLR3G
KDM2B,TBC1D4
KDM2B,NUSAP1
KDM2B,PMAIP1
KDM2B,ELMOD2
KDM2B,GNG11
KDM2B,LGR5
KDM2B,GINS2
KDM2B,TTC39B
KDM2B,TNFRSF11B
KDM2B,NEDD4
KDM2B,LPIN1
KDM2B,JUND
KDM2B,MAN1A1
KDM2B,EPB41L3
KDM2B,PDE3B
KDM2B,DSCC1
KDM2B,NRP2
KDM2B,FBXO34
KDM2B,ANKRD26
KDM2B,PIP4K2A
KDM2B,VASH2
KDM2B,WDFY1
KDM2B,EOMES
KDM2B,TEX10
KDM2B,PRKACB
KDM2B,CAP2
KDM2B,COLEC12
KDM2B,TIMP3
KDM2B,TMEM38B
KDM2B,EGR1
KDM2B,FAM117B
KDM2B,ANKRD28
KDM2B,TRIM28
KDM2B,SKA3
KDM2B,SLC36A4
KDM2B,JPH1
KDM2B,SH3BGRL2
KDM2B,ZFYVE16
KDM2B,WDR12
KDM2B,ANXA3
KDM2B,ARHGAP29
KDM2B,AK4
KDM2B,MCCC1
KDM2B,CTNNB1
KDM2B,S1PR3
KDM2B,VPS13C
KDM2B,PHLDB2
KDM2B,FBN1
KDM2B,THAP9
KDM2B,SEMA6D
KDM2B,ZBTB10
KDM2B,FOXP1
KDM2B,NUCB2
KDM2B,SMAD2
KDM2B,MAP4K3
KDM2B,ZNF518B
KDM2B,SULF2
KDM2B,EPCAM
KDM2B,IGDCC4
KDM2B,RBBP8
KDM2B,RTKN2
KDM2B,EPHA4
KDM2B,B3GNT5
KDM2B,STT3B
KDM2B,MIA3
KDM2B,STK3
KDM2B,PGM2
KDM2B,CUL1
KDM2B,GATA6
KDM2B,PLK1
KDM2B,PRTG
KDM2B,CALB1
KDM2B,GCA
KDM2B,FST
KDM2B,CCNA2
KDM2B,STIM2
KDM2B,FZD5
KDM2B,TP53INP1
KDM2B,RALB
KDM2B,EXO1
KDM2B,ISCA1
KDM2B,MRPS35
KDM2B,ADAMTS3
KDM2B,TFB2M
KDM2B,CCPG1
KDM2B,PTPRZ1
KDM2B,RMI1
KDM2B,EZH2
KDM2B,SLCO2A1
KDM2B,STK17B
KDM2B,AMN1
KDM2B,DNAAF2
KDM2B,DUSP4
KDM2B,VIM
KDM2B,RSPO3
KDM2B,MATN3
KDM2B,ELOVL2
KDM2B,CDC20
KDM2B,CRHBP
KDM2B,MME
KDM2B,RNF138
KDM2B,NUAK1
KDM2B,MLLT3
KDM2B,NCAPG
KDM2B,HSD17B11
KDM2B,DECR1
KDM2B,RNF13
KDM2B,PRMT6
KDM2B,GABRB2
KDM2B,ECI2
KDM2B,GPC6
KDM2B,PIK3R5
KDM2B,TDP2
KDM2B,ANKRD50
KDM2B,STAT3
KDM2B,ELMO1
KDM2B,CHEK2
KDM2B,PRPS2
KDM2B,HPRT1
KDM2B,KDELR3
KDM2B,SYNC
KDM2B,CDC7
KDM2B,KLHL12
KDM2B,PDGFRA
KDM2B,KLHL24
KDM2B,RPP40
KDM2B,PHC1
KDM2B,ARFGAP3
KDM2B,FARSB
KDM2B,C4orf46
KDM2B,CCNE2
KDM2B,AGPAT5
KDM2B,ANKRD13C
KDM2B,DCLK1
KDM2B,NCAM1
KDM2B,ABCA1
KDM2B,ZNF30
KDM2B,TIPIN
KDM2B,TMSB15B
KDM2B,GLDC
KDM2B,TFAP2A
KDM2B,LRR1
KDM2B,TMEM47
KDM2B,LEF1
KDM2B,CDCA2
KDM2B,ANKMY2
KDM2B,SAMD3
KDM2B,DNA2
KDM2B,BLM
KDM2B,RIOK1
KDM2B,POLB
KDM2B,OXTR
KDM2B,ATG4C
KDM2B,WDHD1
KDM2B,CASD1
KDM2B,TRAPPC8
KDM2B,ROR2
KDM2B,PRSS35
KDM2B,RFESD
KDM2B,NEDD9
KDM2B,DCAF6
KDM2B,ST8SIA1
KDM2B,WDR35
KDM2B,DAAM1
KDM2B,PDLIM3
KDM2B,GDAP1
KDM2B,ARL4A
KDM2B,DNAJB14
KDM2B,PDCD4
KDM2B,XRN1
KDM2B,USP44
KDM2B,MANEA
KDM2B,UNC5C
KDM2B,RRN3
KDM2B,RGPD2
KDM2B,WLS
KDM2B,ERBB4
KDM2B,PLCB4
KDM2B,SERHL2
KDM2B,ITGA5
KDM2B,CDK6
KDM2B,HTRA1
KDM2B,NUDT11
KDM2B,BTBD10
KDM2B,COL5A1
KDM2B,NIPSNAP3A
KDM2B,YPEL5
KDM2B,MMP16
KDM2B,AKAP2
KDM2B,ACOX3
KDM2B,PFKFB2
KDM2B,CTBP2
KDM2B,NOC3L
KDM2B,SEMA6A
KDM2B,KDM6A
KDM2B,ACTC1
KDM2B,UNC5D
KDM2B,GPR83
KDM2B,CHL1
KDM2B,CCDC82
KDM2B,CD200
KDM2B,PRIM1
KDM2B,INSIG2
KDM2B,WDR3
KDM2B,CLDN10
KDM2B,REV3L
KDM2B,QPCT
KDM2B,COL4A1
KDM2B,FN1
KDM2B,MEX3C
KDM2B,FBXO28
KDM2B,GAD1
KDM2B,UBTF
KDM2B,FBXO5
KDM2B,ZNF516
KDM2B,PNPLA8
KDM2B,CLDN11
KDM2B,KDM2B
KDM2B,TTK
KDM2B,ZNF207
KDM2B,KDR
KDM2B,CD9
KDM2B,KIF15
KDM2B,DYNC2LI1
KDM2B,CDH11
KDM2B,PROM1
KDM2B,RND3
KDM2B,NUP54
KDM2B,SEMA5A
KDM2B,ASS1
KDM2B,SENP7
KDM2B,LIPG
KDM2B,CEP290
KDM2B,CDCA8
KDM2B,DLGAP5
KDM2B,DKK1
KDM2B,GABRB3
KDM2B,RAD51AP1
KDM2B,BUB1B
KDM2B,SFRP1
KDM2B,DTL
KDM2B,ALCAM
KDM2B,ZNF521
KDM2B,LRAT
KDM2B,MRPL1
KDM2B,ESCO2
KDM2B,CYP26A1
KDM2B,UTP15
KDM2B,MYOF
KDM2B,RPE
KDM2B,THY1
KDM2B,RFC3
KDM2B,NOL11
KDM2B,OTUD6B
KDM2B,CCKBR
KDM2B,SLC6A15
KDM2B,PTGR1
KDM2B,NUP35
KDM2B,VWA5A
KDM2B,ESRP1
KDM2B,RPL17-C18orf32
KDM2B,SLC39A11
KDM2B,TIMM8A
KDM2B,WNT5A
KDM2B,CYP1B1
KDM2B,ST8SIA4
KDM2B,TP53
KDM2B,PCDH7
KDM2B,GLRX
KDM2B,TRUB1
KDM2B,GATA4
KDM2B,NAP1L3
KDM2B,C3orf14
KDM2B,PPT2
KDM2B,MBIP
KDM2B,BCL11A
KDM2B,TNC
KDM2B,SEMA3A
KDM2B,SFRP2
KDM2B,TTC27
KDM2B,RFPL2
KDM2B,MAMLD1
KDM2B,SOX2
KDM2B,SOX17
KDM2B,ZNF512
KDM2B,HAS2
KDM2B,GPC3
KDM2B,KLHL28
KDM2B,COL1A2
KDM2B,ERCC6L
KDM2B,APOBEC3C
KDM2B,GATA2
KDM2B,NDC80
KDM2B,SEMA3E
KDM2B,STC1
KDM2B,HAND2
KDM2B,DPH2
KDM2B,NXT2
KDM2B,HAND1
KDM2B,SPP1
KDM2B,FLRT2
KDM2B,ZFP42
KDM2B,FREM1
KDM2B,MFAP4
KDM2B,ITM2A
KDM2B,OTX2
KDM2B,COL4A6
KDM2B,CCDC81
KDM2B,ATP2B4
KDM2B,NLGN4X
KDM2B,AR
KDM2B,SH3BGRL
KDM2B,PCDH10
KDM2B,KLHL4
KDM2B,FLRT3
KDM2B,GRPR
KDM2B,FOXH1
KDM2B,DKK4
KDM2B,COL5A2
KDM2B,CER1
KDM2B,RGS5
KLF5,BTBD10
KLF5,SKA3
KLF5,TIPIN
KLF5,CDC20
KLF5,STK17B
KLF5,NCAPG
KLF5,STK38L
KLF5,NOL11
KLF5,DCAF6
KLF5,RMI1
KLF5,FAM135A
KLF5,BUB1B
KLF5,RPL17-C18orf32
KLF5,DDHD2
KLF5,GCA
KLF5,PFKFB2
KLF5,AGL
KLF5,ANKRD13C
KLF5,REV3L
KLF5,RFC3
KLF5,NOC3L
KLF5,PLOD2
KLF5,PRTG
LEF1,PRICKLE1
LEF1,DKK4
LEF1,DCLK1
LEF1,CER1
LEF1,VPS13C
LEF1,TNC
LEF1,NEDD9
LEF1,RFESD
LEF1,CTNNB1
LEF1,DUSP4
LEF1,DKK1
LEF1,ANKRD26
LEF1,ARHGAP28
LEF1,LRIG3
LEF1,AK4
LEF1,OTX2
LEF1,MIA3
LEF1,ARFGAP3
LEF1,KLHL4
LEF1,DCAF6
MLLT3,RGPD2
MXI1,TTC27
MXI1,KIF23
MXI1,NUP35
MXI1,DPH2
MXI1,UTP15
MXI1,CDC20
MXI1,TFB2M
MXI1,SLC39A11
MXI1,FARSB
MXI1,NOC3L
MXI1,WDR12
MXI1,NUP54
MXI1,CCNA2
MXI1,NT5DC3
MXI1,DYNC2LI1
MXI1,KIF15
MXI1,WDR3
MXI1,SKA3
MXI1,BUB1B
MXI1,RIOK1
MXI1,ACOX3
MXI1,MXI1
MXI1,STAT3
MXI1,CCNE2
MXI1,RGPD2
MXI1,MRPL1
MXI1,RPP40
MXI1,ELMOD2
MXI1,NCAPG
MXI1,SLC19A2
MXI1,ARL4A
MXI1,NOL11
MXI1,ZBTB10
MXI1,WDR35
MXI1,YPEL5
MXI1,AGPAT5
MXI1,PREPL
MXI1,JUND
MXI1,BTBD10
MXI1,FAM117B
MXI1,WDHD1
MXI1,SLC39A8
MXI1,TP53
MXI1,TIPIN
MXI1,DNAAF2
MXI1,MCCC1
MXI1,DTL
MXI1,RALB
MXI1,DCAF6
MXI1,CDCA8
MXI1,CEP290
MXI1,CCDC138
MXI1,RPL17-C18orf32
MXI1,RAD51AP1
MXI1,KLHL12
MXI1,ABLIM1
MXI1,OTUD6B
MXI1,POLB
MXI1,KLHL28
MXI1,ADAMTS3
MXI1,MIA3
MXI1,CCPG1
MXI1,TRAPPC8
MXI1,NUCB2
MXI1,PPT2
MXI1,SLC35A3
MXI1,RFESD
MXI1,FAM135A
MXI1,C4orf46
MXI1,RNF138
MXI1,PGM2
MXI1,ANKMY2
MXI1,CDK6
MXI1,GDAP1
MXI1,ANKRD28
MXI1,ATG4C
MXI1,PFKFB2
MXI1,CTNNB1
MXI1,SENP7
MXI1,CALB1
MXI1,RMI1
MXI1,CDC7
MXI1,ANKRD13C
MXI1,ARHGAP28
MXI1,SLC6A15
MXI1,LIMCH1
MXI1,TCF4
MXI1,GCA
MXI1,PPM1H
MXI1,COBLL1
MXI1,SOX2
MXI1,TRIM2
MXI1,NCAM1
MXI1,GABRB3
MXI1,TMEM64
MXI1,CCDC81
MXI1,SPP1
MXI1,SLC35F1
NANOG,OTX2
NANOG,PRICKLE1
NANOG,CER1
NANOG,AK4
NANOG,DNMT3B
NANOG,DCLK1
NANOG,TNC
NANOG,SFRP2
NANOG,RGS5
NANOG,WDHD1
NANOG,ST8SIA4
NANOG,RGPD2
NANOG,KLHL4
NANOG,AKAP2
NANOG,WLS
NANOG,IGDCC4
NANOG,CD200
NANOG,TFAP2A
NANOG,USP44
NANOG,PAM
NANOG,PHLDB2
NANOG,PPM1H
NANOG,FOXP1
NANOG,ADAMTS3
NANOG,TTC39B
NANOG,NEDD9
NANOG,LPIN1
NANOG,ANXA3
NANOG,PALLD
NANOG,VIM
NANOG,KLF5
NANOG,BAMBI
NANOG,ATP2B4
NANOG,PFKFB2
NANOG,C4orf46
NANOG,TCF4
NANOG,NUP54
NANOG,SAMD3
NANOG,TFB2M
NANOG,UNC5D
NANOG,DKK1
NANOG,THY1
NANOG,ASNS
NANOG,CCNE2
NANOG,EPCAM
NANOG,TET2
NANOG,FN1
NANOG,CDC7
NANOG,ESRP1
NANOG,CCNA2
NANOG,DSCC1
NANOG,RPE
NANOG,PREPL
NANOG,ARHGAP42
NANOG,ENC1
NANOG,NCAM1
NANOG,RMI1
NANOG,KLHL12
NANOG,ATG4C
NANOG,KLHL28
NANOG,ANKRD28
NANOG,PMAIP1
NANOG,ARL4A
NANOG,MBIP
NANOG,BUB1B
NANOG,RHOBTB3
NANOG,KIF15
NANOG,MIA3
NANOG,PROM1
NANOG,PRDM1
NANOG,CHEK2
NANOG,ZNF521
NANOG,NCAPG
NANOG,PRIM1
NANOG,MFAP4
NANOG,RAD51AP1
NANOG,PNPLA8
NANOG,NUCB2
NANOG,RRAS2
NANOG,FAM117B
NANOG,STAT3
NANOG,PHLDA1
NANOG,MEX3C
NANOG,HAS2
NANOG,KIAA1324L
NANOG,ARHGAP28
NANOG,SNAI2
NANOG,SLC35A3
NANOG,MRPL1
NANOG,ELMOD2
NANOG,EXO1
NANOG,MXI1
NANOG,ZNF30
NANOG,STT3B
NANOG,FBXO34
NANOG,SEMA3E
NANOG,CCDC82
NANOG,FER
NANOG,LRAT
NANOG,NUP35
NANOG,TJP2
NANOG,KIF23
NANOG,CCDC138
NANOG,MRPS30
NANOG,RPL17-C18orf32
NANOG,SEMA6A
NANOG,VASH2
NANOG,NANOG
NANOG,ANKRD50
NANOG,CYP1B1
NANOG,DNAAF2
NANOG,TP53
NANOG,CEP85L
NANOG,GPR83
NANOG,MRPS35
NANOG,BLM
NANOG,TRUB1
NANOG,WDR35
NANOG,GPC6
NANOG,SMAD2
NANOG,SNX18
NANOG,KLHL24
NANOG,NDC80
NANOG,NOL11
NANOG,TRIM2
NANOG,WDFY1
NANOG,AGPAT5
NANOG,GATM
NANOG,FARSB
NANOG,KIF21A
NANOG,ITPR2
NANOG,SNX14
NANOG,FAM135A
NANOG,SKA3
NANOG,NUSAP1
NANOG,CLGN
NANOG,COL1A2
NANOG,TGFBR3
NANOG,CD9
NANOG,CAMK2D
NANOG,CCNB2
NANOG,PLK1
NANOG,JPH1
NANOG,ACOX3
NANOG,TDRD7
NANOG,DUSP4
NANOG,ZNF518B
NANOG,ZFP42
NANOG,VWA5A
NANOG,LGR5
NANOG,DLGAP5
NANOG,COL4A1
NANOG,DCAF6
NANOG,TDP2
NANOG,PLOD2
NANOG,THAP9
NANOG,TBC1D4
NANOG,UTP15
NANOG,LRRCC1
NANOG,WDR12
NANOG,SLC46A3
NANOG,DEPDC1B
NANOG,SEMA6D
NANOG,NOC3L
NANOG,TMEM64
NANOG,CDK6
NANOG,DAAM1
NANOG,GLDC
NANOG,CLDN10
NANOG,CEP55
NANOG,NTS
NANOG,RRN3
NANOG,RFC3
NANOG,DPH2
NANOG,FOXH1
NANOG,DNA2
NANOG,CDCA2
NANOG,RIOK1
NANOG,CPVL
NANOG,ARHGAP29
NANOG,RALB
NANOG,UTP18
NANOG,TIPIN
NANOG,JUND
NANOG,SH3RF1
NANOG,GRPR
NANOG,DYNC2LI1
NANOG,INSIG2
NANOG,ELOVL2
NANOG,BTBD10
OTX2,MLLT3
OTX2,CCNA2
OTX2,PALLD
OTX2,CTBP2
OTX2,CCPG1
OTX2,C4orf46
OTX2,SNX18
OTX2,EMB
OTX2,MIA3
OTX2,COL1A2
OTX2,DPYSL3
OTX2,CTNNB1
OTX2,TNC
OTX2,ARHGAP28
OTX2,TP53
OTX2,TADA1
OTX2,RAD51AP1
OTX2,CEP290
OTX2,CNKSR3
OTX2,CD9
OTX2,PRIM1
OTX2,CDC20
OTX2,CDCA2
OTX2,WDR3
OTX2,RGPD2
OTX2,FLRT3
OTX2,UNC5D
OTX2,MRPL1
OTX2,NUP54
OTX2,RND3
OTX2,STAT3
OTX2,NEDD4
OTX2,PFKFB2
OTX2,PLXNA2
OTX2,RNF138
OTX2,RPL17-C18orf32
OTX2,ANKRD28
OTX2,TIPIN
OTX2,XRN1
OTX2,ATP11B
OTX2,WDR12
OTX2,TCF4
OTX2,TFB2M
OTX2,CER1
OTX2,TRIM2
OTX2,SLC39A11
OTX2,ACOX3
OTX2,NCAPG
OTX2,PNPLA8
OTX2,OTUD6B
OTX2,BUB1B
OTX2,PIP4K2A
OTX2,LGR4
OTX2,REV3L
OTX2,EXO1
OTX2,KLHL12
OTX2,NOL11
OTX2,ATG4C
OTX2,KLHL28
OTX2,KLHL4
OTX2,PELI2
OTX2,FAM135A
OTX2,NANOG
OTX2,RFPL2
OTX2,KIF15
OTX2,ARL4D
OTX2,TBC1D4
OTX2,DTL
OTX2,GATM
OTX2,PLK1
OTX2,CALB1
OTX2,MCCC1
OTX2,ARL4A
OTX2,WLS
OTX2,NUP35
OTX2,SEMA3A
OTX2,PAM
OTX2,PPP1R9A
OTX2,DNAAF2
OTX2,FBXO5
OTX2,KLF5
OTX2,ATP2B4
OTX2,DCAF6
OTX2,WDHD1
OTX2,SLC19A2
OTX2,KDM2B
OTX2,LTBP1
OTX2,SLC39A8
OTX2,CHEK2
OTX2,MXI1
OTX2,EPB41L3
OTX2,PROM1
OTX2,OTX2
OTX2,HSD17B11
OTX2,RTKN2
OTX2,GPR83
OTX2,ALG6
OTX2,YPEL5
OTX2,VWA5A
OTX2,NUSAP1
OTX2,ENC1
OTX2,STC1
OTX2,MBIP
OTX2,FBN1
OTX2,DDHD2
OTX2,SKA3
OTX2,CEP55
OTX2,CEP85L
OTX2,DEPDC1B
OTX2,DLGAP5
OTX2,NEDD9
OTX2,NOC3L
OTX2,TTC39B
OTX2,PPM1H
OTX2,PREPL
OTX2,CA14
OTX2,ZNF207
OTX2,GDAP1
OTX2,FBXO28
OTX2,VPS13C
OTX2,FER
OTX2,MEX3C
OTX2,SLC35F1
OTX2,MRPS35
OTX2,COMMD10
OTX2,ALPK2
OTX2,KRCC1
OTX2,CCDC82
OTX2,COL5A2
OTX2,FOXP1
OTX2,NLGN4X
OTX2,LRRCC1
OTX2,ITPR2
OTX2,HAS2
OTX2,PRICKLE1
OTX2,KIF23
OTX2,NCAM1
OTX2,TMSB15B
OTX2,LRR1
OTX2,ST8SIA1
OTX2,C3orf14
OTX2,USP44
OTX2,DCLK1
OTX2,ADAMTS3
OTX2,TSPAN12
OTX2,ZNF30
OTX2,ANKRD50
OTX2,SEMA6D
OTX2,RNF13
OTX2,TET2
OTX2,KLHL24
OTX2,RGS5
OTX2,THAP9
OTX2,DKK4
OTX2,ARHGAP42
OTX2,KIAA1324L
OTX2,TRAPPC8
OTX2,AGL
OTX2,PGM2
OTX2,CCNE2
OTX2,CLDN11
OTX2,TJP2
OTX2,CAP2
OTX2,GRPR
OTX2,CPVL
OTX2,CDK6
OTX2,CCDC80
OTX2,ALCAM
OTX2,MAN1A1
OTX2,ITGA6
OTX2,EZH2
OTX2,COL5A1
OTX2,SH3BGRL2
OTX2,PLOD2
OTX2,PLCB4
OTX2,AK4
OTX2,RHOBTB3
OTX2,CD200
OTX2,JPH1
OTX2,SEMA5A
OTX2,ST8SIA4
OTX2,BAMBI
OTX2,ESRP1
OTX2,TFAP2A
OTX2,PTPRZ1
OTX2,COL4A6
OTX2,ZNF518B
OTX2,RIOK1
OTX2,TEAD4
OTX2,RRAS2
OTX2,ISCA1
OTX2,DNMT3B
OTX2,DLC1
OTX2,PIK3R5
OTX2,MATN3
OTX2,MMP16
OTX2,TMEM64
OTX2,GCA
OTX2,QPCT
OTX2,DSCC1
OTX2,PHLDB2
OTX2,SERPINE2
OTX2,VIM
POU5F1,STAT3
POU5F1,PRICKLE1
POU5F1,NANOG
POU5F1,CD200
POU5F1,RGPD2
POU5F1,USP44
POU5F1,OTX2
POU5F1,FOXP1
POU5F1,PHLDB2
POU5F1,ARHGAP42
POU5F1,AK4
POU5F1,DCLK1
POU5F1,KLF5
POU5F1,ANKRD26
POU5F1,CER1
POU5F1,ENC1
POU5F1,GPC6
POU5F1,TET2
POU5F1,AKAP2
POU5F1,SFRP2
POU5F1,ESRP1
POU5F1,CDC7
POU5F1,ANKRD28
POU5F1,RRAS2
POU5F1,TNC
POU5F1,MRPL1
POU5F1,CASD1
POU5F1,WLS
POU5F1,TCF4
POU5F1,LIPG
POU5F1,LPIN1
POU5F1,SEMA6D
POU5F1,SLC35A3
POU5F1,FOXH1
POU5F1,NCAM1
POU5F1,MMP16
POU5F1,LGR4
POU5F1,DKK1
POU5F1,PAM
POU5F1,CTNNB1
POU5F1,ARHGAP28
POU5F1,CDCA2
POU5F1,CCNB2
POU5F1,TDP2
POU5F1,SLC39A11
POU5F1,NDUFC2-KCTD14
POU5F1,MIA3
POU5F1,GCA
POU5F1,NUP54
POU5F1,RND3
POU5F1,NCAPG
POU5F1,NOC3L
PRDM1,MIA3
PRDM1,FOXP1
PRDM1,RGPD2
PRDM1,RND3
PRDM1,CNKSR3
PRDM1,PREPL
PRDM1,CER1
PRDM1,CLGN
PRDM1,SEMA3E
PRDM1,ANGPT2
SMAD2,CER1
SMAD2,RGPD2
SMAD2,SNX18
SMAD2,NANOG
SMAD2,KIAA1324L
SMAD2,ABLIM1
SMAD2,BAMBI
SMAD2,ENC1
SMAD2,TSPAN12
SMAD2,MANEA
SMAD2,PMAIP1
SMAD2,EMB
SMAD2,TTC39B
SMAD2,SEMA3E
SMAD2,ARHGAP28
SMAD2,RTKN2
SMAD2,SNX14
SMAD2,CTNNB1
SMAD2,TIPARP
SMAD2,CCPG1
SMAD2,MATN3
SMAD2,DCLK1
SMAD2,SLC35A3
SMAD2,PRDM1
SMAD2,WDFY1
SMAD2,PHLDB2
SMAD2,ZNF521
SMAD2,PRICKLE1
SMAD2,NUSAP1
SMAD2,ARL4A
SMAD2,SORL1
SMAD2,SEMA6A
SMAD2,ANKRD50
SMAD2,PPM1H
SMAD2,SKA3
SMAD2,MXI1
SMAD2,DPYSL3
SMAD2,RIPPLY1
SMAD2,ADAMTS3
SMAD2,TRIM2
SMAD2,FER
SMAD2,MRPS35
SMAD2,NUAK1
SMAD2,OTX2
SMAD2,NCAM1
SMAD2,PLOD2
SMAD2,SLC6A15
SMAD2,ANGPT2
SMAD2,AK4
SMAD2,MFAP4
SMAD2,SPPL2A
SMAD2,KLHL4
SMAD2,KDR
SMAD2,CA2
SMAD2,TFB2M
SMAD2,TP53INP1
SMAD2,MCC
SMAD2,FAM117B
SMAD2,DKK1
SMAD2,WDR35
SMAD2,NDUFC2-KCTD14
SMAD2,TADA1
SMAD2,CASD1
SMAD2,GCA
SMAD2,CALB1
SMAD2,PREPL
SMAD2,FZD5
SMAD2,AMN1
SMAD2,TEAD4
SMAD2,ARHGAP42
SMAD2,CA14
SMAD2,STIM2
SMAD2,ZFYVE16
SMAD2,OXTR
SMAD2,RRAS2
SMAD2,EPCAM
SMAD2,PALLD
SMAD2,KLHL12
SMAD2,HEG1
SMAD2,ASNS
SMAD2,PGM2
SMAD2,KIF21A
SMAD2,ARHGAP29
SMAD2,TNC
SMAD2,AGL
SMAD2,PRSS35
SMAD2,GATA4
SMAD2,ELMO1
SMAD2,RFESD
SMAD2,BCAR3
SNAI2,ACOX3
SNAI2,SLC35F1
SNAI2,ARL4A
SNAI2,RIOK1
SNAI2,GCA
SNAI2,COBLL1
SNAI2,TDRD7
SNAI2,LIPG
SNAI2,PRDM1
SNAI2,ODC1
SNAI2,PLXNA2
SNAI2,GLDC
SNAI2,DCAF6
SNAI2,ZDHHC21
SNAI2,CLGN
SNAI2,MAGI3
SNAI2,BCAR3
SNAI2,PRMT6
SNAI2,EPCAM
SNAI2,INSIG2
SNAI2,VPS13C
SNAI2,KIAA1324L
SNAI2,ARHGAP29
SNAI2,STAT3
SNAI2,AGPAT5
SNAI2,PPP1R9A
SNAI2,TIPARP
SNAI2,SEMA6D
SNAI2,GATA2
SNAI2,PLAU
SNAI2,ASNS
SNAI2,TRIM2
SNAI2,EPB41L3
SNAI2,ELMO1
SNAI2,GABRB2
SOX17,PREPL
SOX17,NUP35
SOX17,KIF15
SOX17,TMEM131
SOX17,ALPK2
SOX17,TTC39B
SOX17,C4orf46
SOX17,POLB
SOX17,OTX2
SOX17,THY1
SOX17,SLC39A8
SOX17,FBXO28
SOX2,OTX2
SOX2,TNC
SOX2,DNMT3B
SOX2,PRICKLE1
SOX2,USP44
SOX2,NANOG
SOX2,LIMCH1
SOX2,RGPD2
SOX2,AKAP2
SOX2,NEDD9
SOX2,SFRP2
SOX2,KIF21A
SOX2,CER1
SOX2,PTPRZ1
SOX2,FOXP1
SOX2,C4orf46
SOX2,CD200
SOX2,VASH2
SOX2,MCCC1
SOX2,WLS
SOX2,POLB
SOX2,ARHGAP42
SOX2,LRIG3
SOX2,ESRP1
SOX2,CDK6
SOX2,MRPS30
SOX2,TJP2
SOX2,PALLD
SOX2,ABLIM1
SOX2,TCF4
SOX2,TRIM2
SOX2,ABCA1
SOX2,TP53
SOX2,KLHL24
SOX2,KLHL4
SOX2,ISCA1
SOX2,KLF5
SOX2,ACOX3
SOX2,LTBP1
SOX2,CDC7
SOX2,RGS5
SOX2,NUSAP1
SOX2,BLM
SOX2,TTC39B
SOX2,TRIM28
SOX2,BAMBI
SOX2,ANKRD28
SOX2,ENC1
SOX2,FEZ1
SOX2,ST8SIA1
SOX2,ARL4D
SOX2,ATP2B4
SOX2,DCLK1
SOX2,STAT3
SOX2,GPC6
SOX2,MXI1
SOX2,CAP2
SOX2,RND3
SOX2,HSD17B11
SOX2,PHLDB2
SOX2,BCAR3
SOX2,CCNB2
SOX2,TFAP2A
SOX2,ZNF521
SOX2,NCAM1
SOX2,SOX2
SOX2,CAMK2D
SOX2,PAM
SOX2,MIA3
SOX2,AK4
SOX2,INSIG2
SOX2,DEPDC1B
SOX2,ZBTB10
SOX2,DTL
SOX2,KIF23
SOX2,LGALSL
SOX2,ANKRD50
SOX2,RAD51AP1
SOX2,GDAP1
SOX2,HEG1
SOX2,YPEL5
SOX2,BTBD10
SOX2,ELMO1
SOX2,SLC36A4
SOX2,DUSP4
SOX2,TMSB15B
SOX2,CA14
SOX2,JPH1
SOX2,GLRX
SOX2,DLGAP5
SOX2,EPHA4
SOX2,PREPL
SOX2,LUM
SOX2,PRSS35
SOX2,CCPG1
SOX2,SEMA6A
SOX2,FN1
SOX2,LIFR
SOX2,CCNA2
SOX2,ANKRD13C
SOX2,ZNF30
SOX2,THAP9
SOX2,BUB1B
SOX2,ASNS
SOX2,ESCO2
SOX2,MYOF
SOX2,HAS2
SOX2,PHC1
SOX2,DKK1
SOX2,CNKSR3
SOX2,SLC39A8
SOX2,TSPAN12
SOX2,KIAA1324L
SOX2,TRUB1
SOX2,OTUD6B
SOX2,PRTG
SOX2,PLK1
SOX2,SEMA3A
SOX2,NAP1L3
SOX2,LIPG
SOX2,MATN3
SOX2,TADA1
SOX2,PPT2
SOX2,STC1
SOX2,SH3BGRL
SOX2,FAM117B
SOX2,TFB2M
SOX2,WDR12
SOX2,SYNE2
SOX2,COL5A2
SOX2,SNAI2
STAT3,RGPD2
STAT3,ANKRD13C
STAT3,ODC1
STAT3,ALG6
STAT3,ZFYVE16
STAT3,FBXO34
STAT3,HOMER1
STAT3,PLK1
STAT3,CCPG1
STAT3,LRR1
STAT3,CDC20
STAT3,STK38L
STAT3,AGPAT5
STAT3,SEMA6A
STAT3,CLGN
TCF4,DUSP4
TEAD4,TEAD4
TEAD4,BCAR3
TEAD4,SORL1
TEAD4,MCCC1
TEAD4,RGPD2
TEAD4,CDK6
TEAD4,TRUB1
TEAD4,DUSP4
TEAD4,TCF4
TEAD4,MCC
TEAD4,RGS5
TEAD4,ANXA3
TEAD4,COBLL1
TEAD4,ATG4C
TEAD4,STAT3
TEAD4,MATN3
TEAD4,KIF15
TEAD4,CALB1
TEAD4,TMEM64
TEAD4,ANKRD13C
TEAD4,C3orf14
TEAD4,CTNNB1
TEAD4,DLC1
TEAD4,PLK2
TEAD4,MBIP
TEAD4,MRPL1
TEAD4,REV3L
TEAD4,RPP40
TEAD4,PREPL
TEAD4,GDAP1
TEAD4,NOL11
TEAD4,SLC39A8
TEAD4,SLC35A3
TEAD4,ANKRD50
TEAD4,NUP54
TEAD4,NDUFC2-KCTD14
TEAD4,AGL
TEAD4,LIMCH1
TEAD4,BUB1B
TEAD4,CEP290
TEAD4,PNPLA8
TEAD4,IL6ST
TEAD4,TJP2
TEAD4,COL4A6
TEAD4,KIF23
TEAD4,RRAS2
TEAD4,ARL4A
TEAD4,FER
TEAD4,TDRD7
TEAD4,PALLD
TEAD4,ZFYVE16
TEAD4,FBXO28
TEAD4,OTUD6B
TEAD4,KLHL12
TEAD4,TTC27
TEAD4,CAP2
TEAD4,NDC80
TEAD4,CDC7
TEAD4,RAD51AP1
TEAD4,ESCO2
TEAD4,ITM2A
TEAD4,SLC19A2
TEAD4,STIM2
TEAD4,CCDC138
TEAD4,ELMO1
TEAD4,PAM
TEAD4,SLC35F1
TEAD4,RRN3
TEAD4,PPM1H
TEAD4,MIA3
TEAD4,WDFY1
TEAD4,TFAP2A
TEAD4,RMI1
TEAD4,TTK
TEAD4,ATP2B4
TEAD4,LPGAT1
TEAD4,DKK1
TEAD4,MRPS35
TEAD4,SLC39A11
TEAD4,NUP35
TEAD4,SEMA6A
TEAD4,PGM2
TEAD4,SLC46A3
TEAD4,LTBP1
TEAD4,TCF7L1
TEAD4,COL1A2
TEAD4,TADA1
TEAD4,RFESD
TEAD4,ACOX3
TEAD4,C4orf46
TEAD4,LPIN1
TEAD4,USP44
TEAD4,FBXO34
TEAD4,VIM
TEAD4,NOC3L
TEAD4,NCAM1
TEAD4,ALCAM
TEAD4,PDGFRA
TEAD4,PDCD4
TEAD4,ASNS
TEAD4,TRIM2
TEAD4,TP53
TEAD4,SERPINE2
TEAD4,TIPARP
TEAD4,DNA2
TEAD4,ZNF30
TEAD4,GCA
TEAD4,INSIG2
TEAD4,TNC
TEAD4,MXI1
TEAD4,AKAP2
TEAD4,ESRP1
TEAD4,CA2
TEAD4,GAD1
TEAD4,DTL
TEAD4,CCPG1
TEAD4,DYNC2LI1
TEAD4,RND3
TEAD4,MEX3C
TEAD4,ST8SIA1
TEAD4,RHOBTB3
TEAD4,KIAA1324L
TEAD4,OXTR
TEAD4,VWA5A
TEAD4,TEX10
TEAD4,MLLT3
TEAD4,KLF5
TEAD4,MRPS30
TEAD4,PLSCR4
TEAD4,DEPDC1B
TEAD4,CCNA2
TEAD4,UNC5D
TEAD4,SNX18
TEAD4,CPVL
TEAD4,LRR1
TEAD4,FLRT3
TEAD4,CCNE2
TEAD4,JPH1
TEAD4,CDC20
TEAD4,PLOD2
TEAD4,GATM
TEAD4,ISCA1
TEAD4,OTX2
TEAD4,GABRB3
TEAD4,CDH11
TEAD4,FEZ1
TEAD4,HLA-DRB1
TEAD4,PMP22
TEAD4,WDHD1
TEAD4,CER1
TEAD4,S1PR3
TEAD4,CYP26A1
TEAD4,SKA3
TEAD4,SLC6A15
TEAD4,SH3BGRL
TEAD4,MMP16
TEAD4,ZNF521
TEAD4,FBN1
TEAD4,CLGN
TEAD4,EPHA4
TEAD4,ALG6
TEAD4,PENK
TEAD4,TMEM131
TEAD4,SNAI2
TEAD4,COL4A1
TEAD4,KDR
TEAD4,EPB41L3
TEAD4,EMB
TEAD4,NANOG
TEAD4,AMN1
TEAD4,DPYSL3
TEAD4,ARHGAP28
TFAP2A,BAG3
TFAP2A,NOC3L
TFAP2A,CDC7
TFAP2A,ANKMY2
TFAP2A,DEPDC1B
TFAP2A,AKAP2
TFAP2A,ZNF280B
TFAP2A,FZD5
TFAP2A,ALG6
TFAP2A,PRKACB
TFAP2A,DDHD2
TFAP2A,UTP18
TFAP2A,ADAMTS3
TFAP2A,PRTG
TFAP2A,HPRT1
TFAP2A,CA2
TFAP2A,DLC1
TFAP2A,DCAF6
TFAP2A,CEP290
TFAP2A,MCC
TFAP2A,CHEK2
TFAP2A,NUAK1
TFAP2A,GLIPR2
TFAP2A,GPSM2
TFAP2A,PLOD2
TFAP2A,TBC1D4
TFAP2A,SLC19A2
TFAP2A,SH3RF1
TFAP2A,DDAH1
TFAP2A,WDHD1
TFAP2A,KLHL12
TFAP2A,ISCA1
TFAP2A,ZDHHC21
TFAP2A,SNX14
TFAP2A,TNC
TFAP2A,COL5A1
TFAP2A,RALB
TFAP2A,ITPR2
TFAP2A,UTP15
TFAP2A,CCDC82
TFAP2A,ARHGAP28
TFAP2A,ODC1
TFAP2A,TDRD7
TFAP2A,DNAAF2
TFAP2A,LIFR
TFAP2A,ANKRD50
TFAP2A,FER
TFAP2A,ASNS
TFAP2A,KIF21A
TFAP2A,PHLDB2
TFAP2A,EPHA4
TFAP2A,XRN1
TFAP2A,RHOBTB3
TFAP2A,PPP1R9A
TFAP2A,NCAPG
TFAP2A,BAMBI
TFAP2A,SYNE2
TFAP2A,TIPIN
TFAP2A,PDCD4
TFAP2A,TIMP3
TFAP2A,VPS13C
TFAP2A,PHC1
TFAP2A,TSPAN12
TFAP2A,TCF7L1
TFAP2A,NOL11
TFAP2A,MRPS35
TFAP2A,VASH2
TFAP2A,CTNNB1
TFAP2A,ARL4A
TFAP2A,HEG1
TFAP2A,RNF138
TFAP2A,RMI1
TFAP2A,MFAP4
TFAP2A,FAM117B
TFAP2A,TADA1
TFAP2A,ENC1
TFAP2A,TRIM2
TFAP2A,CDK6
TFAP2A,ZBTB10
TFAP2A,ATG4C
TFAP2A,NUCB2
TFAP2A,BUB1B
TFAP2A,PPT2
TFAP2A,CDCA2
TFAP2A,SLC36A4
TFAP2A,C3orf14
TFAP2A,TP53INP1
TFAP2A,CDH11
TFAP2A,COL1A2
TFAP2A,TGFBR3
TFAP2A,KLHL24
TFAP2A,RGPD2
TFAP2A,TMEM47
TFAP2A,TMEM38B
TFAP2A,HAS2
TFAP2A,KIF23
TFAP2A,FOXP1
TFAP2A,ELMOD2
TFAP2A,SH3BGRL2
TFAP2A,ANKRD28
TFAP2A,COL5A2
TFAP2A,TDP2
TFAP2A,MIA3
TFAP2A,SLC39A11
TFAP2A,SERPINE2
TFAP2A,GATA2
TFAP2A,THY1
TFAP2A,MATN3
TFAP2A,NT5DC3
TFAP2A,CEP85L
TFAP2A,ROR2
TFAP2A,VWA5A
TFAP2A,PLCB4
TFAP2A,LPIN1
TFAP2A,TEAD4
TFAP2A,COBLL1
TFAP2A,DUSP4
TFAP2A,TIPARP
TFAP2A,RAB31
TFAP2A,PDGFRA
TFAP2A,CLDN11
TFAP2A,NDC80
TFAP2A,MYOF
TFAP2A,PLSCR4
TFAP2A,DNMT3B
TFAP2A,CPE
TFAP2A,MME
TFAP2A,HOMER1
TFAP2A,ABLIM1
TFAP2A,CUL1
TFAP2A,STT3B
TFAP2A,RTKN2
TFAP2A,RPP40
TFAP2A,SPPL2A
TFAP2A,MALT1
TFAP2A,EPB41L3
TFAP2A,REV3L
TFAP2A,CASD1
TFAP2A,ARHGAP29
TFAP2A,BLM
TFAP2A,UNC5D
TFAP2A,S1PR3
TFAP2A,LGR4
TFAP2A,IL6ST
TFAP2A,MANEA
TFAP2A,FAM89A
TFAP2A,RRAS2
TFAP2A,MCCC1
TFAP2A,PRICKLE1
TFAP2A,ANXA3
TFAP2A,GABRB2
TFAP2A,WDFY1
TFAP2A,PDE3B
TFAP2A,LTBP1
TFAP2A,ECI2
TFAP2A,FBN1
TFAP2A,BCAR3
TFAP2A,FAM135A
TFAP2A,PDLIM3
TFAP2A,KDM6A
TFAP2A,SEMA6D
TFAP2A,FN1
TFAP2A,TEX10
TFAP2A,MXI1
TFAP2A,CPVL
TFAP2A,PHLDA1
TFAP2A,CLGN
TFAP2A,DLGAP5
TFAP2A,SERHL2
TFAP2A,ITGA6
TFAP2A,DNAJB14
TFAP2A,CTBP2
TFAP2A,ITGA5
TFAP2A,FBXO5
TFAP2A,TCF4
TFAP2A,POU5F1
TFAP2A,FARSB
TFAP2A,ARFGAP3
TFAP2A,SMAD2
TFAP2A,GDAP1
TFAP2A,SYNC
TFAP2A,DSCC1
TFAP2A,UBTF
TFAP2A,NEDD4
TFAP2A,FLRT2
TFAP2A,ZNF521
TFAP2A,LRIG3
TFAP2A,SLC35A3
TFAP2A,JUND
TFAP2A,NUSAP1
TFAP2A,CCNB2
TFAP2A,STC1
TFAP2A,PALLD
TFAP2A,RBBP8
TFAP2A,GLMN
TFAP2A,VIM
TFAP2A,TMEM64
TFAP2A,DCLK1
TFAP2A,PNPLA8
TFAP2A,WDR35
TFAP2A,NRP2
TFAP2A,CDC20
TFAP2A,DPYSL3
TFAP2A,SKA3
TFAP2A,CNKSR3
TFAP2A,TJP2
TFAP2A,LPGAT1
TFAP2A,CCPG1
TFAP2A,SLC6A15
TFAP2A,ATP11B
TFAP2A,LEF1
TFAP2A,COLEC12
TFAP2A,SEMA3A
TFAP2A,WDR12
TFAP2A,GNG11
TFAP2A,AK4
TFAP2A,ARHGAP42
TFAP2A,MEX3C
TFAP2A,SFRP2
TFAP2A,PAM
TFAP2A,RSPO3
TFAP2A,INSIG2
TFAP2A,KLHL28
TFAP2A,RRN3
TFAP2A,RPE
TFAP2A,RAVER2
TFAP2A,LGALSL
TFAP2A,EZH2
TFAP2A,TET2
TFAP2A,COL4A1
TFAP2A,PRSS35
TFAP2A,CYP1B1
TFAP2A,GATM
TFAP2A,ESCO2
TFAP2A,CCDC138
TFAP2A,USP44
TFAP2A,TTC39B
TFAP2A,MAN1A1
TFAP2A,ZFYVE16
TFAP2A,MPHOSPH9
TFAP2A,TRIM28
TFAP2A,SENP7
TFAP2A,PTPRZ1
TFAP2A,STAT3
TFAP2A,CCNA2
TFAP2A,SULF2
TFAP2A,SLC39A8
TFAP2A,STIM2
TFAP2A,RNF13
TFAP2A,CD200
TFAP2A,CEP55
TFAP2A,KIF15
TFAP2A,SNAI2
TFAP2A,RFESD
TFAP2A,STK17B
TFAP2A,VPS54
TFAP2A,NUP54
TFAP2A,HTRA1
TFAP2A,BNIP3
TFAP2A,ZNF30
TFAP2A,STK38L
TFAP2A,TTK
TFAP2A,PRPS2
TFAP2A,FBXO28
TFAP2A,KDM2B
TFAP2A,DAAM1
TFAP2A,NCAM1
TFAP2A,CCNE2
TFAP2A,GINS2
TFAP2A,CAMK2D
TFAP2A,SLCO2A1
TFAP2A,WLS
TFAP2A,TFAP2A
TFAP2A,GATA4
TFAP2A,MLLT3
TFAP2A,WDR3
TFAP2A,MRPL1
TFAP2A,MRPS30
TFAP2A,RIN2
TFAP2A,ATP2B4
TFAP2A,QPCT
TFAP2A,ASS1
TFAP2A,YPEL5
TFAP2A,RGS5
TFAP2A,RPL17-C18orf32
TFAP2A,CAP2
TFAP2A,B4GALT4
TFAP2A,SEMA6A
TFAP2A,PLK1
TFAP2A,AMN1
TFAP2A,ANKRD26
TFAP2A,JPH1
TFAP2A,RFC3
TFAP2A,PIK3R5
TFAP2A,PGM2
TFAP2A,LIMCH1
TFAP2A,TMSB15B
TFAP2A,GCA
TFAP2A,EXO1
TFAP2A,DNA2
TFAP2A,MAGI3
TFAP2A,ACOX3
TFAP2A,ANKRD13C
TFAP2A,CLDN10
TFAP2A,KIAA1324L
TFAP2A,SNX18
TFAP2A,ELOVL2
TFAP2A,LRR1
TFAP2A,ESRP1
TFAP2A,STK3
TFAP2A,PPM1H
TFAP2A,ZNF516
TFAP2A,PIP4K2A
TFAP2A,APOBEC3C
TFAP2A,TP53
TFAP2A,BMPER
TFAP2A,AMIGO2
TFAP2A,POLR3G
TFAP2A,PLK2
TFAP2A,SOX17
TFAP2A,PRIM1
TFAP2A,ELMO1
TFAP2A,TFB2M
TFAP2A,CDCA8
TFAP2A,DECR1
TFAP2A,SLITRK2
TFAP2A,CRHBP
TFAP2A,MAP4K3
TFAP2A,EPCAM
TFAP2A,GATA6
TFAP2A,TNFRSF11B
TFAP2A,C4orf46
TFAP2A,SH3BGRL
TFAP2A,KDR
TFAP2A,SAMD3
TFAP2A,DTL
TFAP2A,FST
TFAP2A,AGL
TFAP2A,PTGR1
TFAP2A,RIOK1
TFAP2A,ZNF512
TFAP2A,MMP16
TFAP2A,FEZ1
TFAP2A,PREPL
TFAP2A,SORL1
TFAP2A,NDUFC2-KCTD14
TFAP2A,AGPAT5
TFAP2A,GPC3
TFAP2A,AR
TFAP2A,SLC46A3
TFAP2A,NLGN4X
TFAP2A,NUDT11
TFAP2A,KLHL4
TFAP2A,PCDH7
TFAP2A,EMB
TFAP2A,PRMT6
TFAP2A,SEMA3E
TFAP2A,DKK1
TFAP2A,THAP9
TFAP2A,NEDD9
TFAP2A,TTC27
TFAP2A,EGR1
TFAP2A,PMAIP1
TFAP2A,LIPG
TFAP2A,COMMD10
TFAP2A,SEMA5A
TFAP2A,CD9
TFAP2A,PFKFB2
TFAP2A,PELI2
TFAP2A,FBXO34
TFAP2A,ZNF518B
TFAP2A,ST3GAL6
TFAP2A,KRCC1
TFAP2A,RAD51AP1
TFAP2A,HSD17B11
TFAP2A,DYNC1I1
TFAP2A,KLF5
TFAP2A,EOMES
TFAP2A,ARL4D
TFAP2A,GLDC
TFAP2A,ZNF207
TFAP2A,OXTR
TFAP2A,SLC35F1
TFAP2A,FREM1
TFAP2A,PMP22
TFAP2A,PROM1
TFAP2A,GLRX
TFAP2A,RFPL2
TFAP2A,NUP35
TFAP2A,WNT5A
TFAP2A,CTSK
TFAP2A,ABCA1
TFAP2A,ERCC6L
TFAP2A,GATA3
TFAP2A,CBR1
TFAP2A,PCDH10
TFAP2A,ALCAM
TFAP2A,GABRB3
TFAP2A,HAPLN1
TFAP2A,LRRCC1
TFAP2A,ANGPT2
TFAP2A,PLXNA2
TFAP2A,NIPSNAP3A
TFAP2A,IGDCC4
TFAP2A,ITM2A
TFAP2A,SOX2
TFAP2A,CHL1
TFAP2A,MBIP
TFAP2A,UNC5C
TFAP2A,LUM
TFAP2A,SFRP1
TFAP2A,CYP26A1
TFAP2A,GPC6
TFAP2A,CALB1
TFAP2A,COL4A6
TFAP2A,B3GNT5
TFAP2A,BCL11A
TFAP2A,ST8SIA4
TFAP2A,NXT2
TP53,REV3L
TP53,PRDM1
TP53,TP53INP1
TP53,PMAIP1
TP53,UTP15
TP53,FLRT2
TP53,WDHD1
TP53,ABLIM1
TP53,TMEM131
TP53,KLHL12
TP53,RAD51AP1
TP53,TIPIN
TP53,THAP9
TP53,DEPDC1B
TRIM28,ZNF280B
TRIM28,C3orf14
TRIM28,STC1
TRIM28,ACOX3
TRIM28,TDP2
TRIM28,SLC35A3
TRIM28,BCAR3
TRIM28,ASNS
TRIM28,MEX3C
TRIM28,ABLIM1
TRIM28,POLR3G
TRIM28,AMN1
TRIM28,ELOVL2
TRIM28,TADA1
TRIM28,CBR1
TRIM28,PAM
TRIM28,PRDM1
TRIM28,ELMO1
TRIM28,WDHD1
TRIM28,PRICKLE1
TRIM28,TCF4
TRIM28,CALB1
TRIM28,SLC39A8
TRIM28,GCA
TRIM28,KIAA1324L
TRIM28,ST8SIA1
TRIM28,DDHD2
TRIM28,TMEM131
TRIM28,NAP1L3
TRIM28,TEX10
TRIM28,GLRX
TRIM28,MCC
TRIM28,PLOD2
TRIM28,ODC1
TRIM28,ADAMTS3
TRIM28,COBLL1
TRIM28,MLLT3
TRIM28,SPP1
TRIM28,OXTR
TRIM28,MAP4K3
TRIM28,STIM2
TRIM28,PMP22
TRIM28,TTC39B
TRIM28,ZNF521
TRIM28,PRSS35
TRIM28,SH3BGRL2
TRIM28,RTKN2
TRIM28,WDR35
TRIM28,SEMA6D
TRIM28,SULF2
TRIM28,TEAD4
TRIM28,LRAT
TRIM28,CCKBR
ZFP42,ACOX3
ZFP42,TRUB1
ZFP42,CCNA2
ZFP42,WDFY1
ZFP42,NDC80
ZFP42,MIA3
ZFP42,UTP15
ZFP42,KIF15
ZFP42,MBIP
ZFP42,OTUD6B
ZFP42,KLHL12
ZFP42,WDHD1
ZFP42,XRN1
ZFP42,EXO1
ZFP42,DYNC2LI1
ZFP42,PPT2
ZFP42,PHLDB2
ZFP42,PHC1
ZFP42,DEPDC1B
ZFP42,NUP54
ZFP42,RNF138
ZFP42,TTK
ZFP42,POLB
ZFP42,PALLD
ZFP42,JUND
ZNF207,PRDM1
ZNF207,PRICKLE1
ZNF207,DNMT3B
TEAD4,HOMER1
TEAD4,EPCAM
EGR1,SFRP2
NANOG,TCF7L1
JUND,AGL
JUND,CDCA8
JUND,PPP1R9A
JUND,EGR1
JUND,SFRP2
JUND,PTGR1
JUND,ANKRD26
JUND,TTC27
JUND,THAP9
JUND,PFKFB2
JUND,ZNF207
JUND,CCDC81
JUND,ISCA1
JUND,MBOAT1
JUND,NEDD4
JUND,RIOK1
JUND,SKA3
JUND,DSCC1
JUND,EZH2
JUND,RPE
JUND,TCF7L1
JUND,NT5DC3
JUND,TTC39B
JUND,EPHA4
JUND,WLS
JUND,HSD17B11
JUND,INSIG2
JUND,PRDM1
JUND,ALG6
JUND,CCNE2
JUND,LRAT
JUND,PDCD4
JUND,TNFRSF11B
JUND,MAN1A1
JUND,RHOBTB3
JUND,ATP2B4
JUND,TADA1
MXI1,KDM2B
MXI1,PHLDA1
MXI1,COL4A1
MXI1,CDCA2
MXI1,DPYSL3
MXI1,TEX10
MXI1,TIPARP
MXI1,CEP55
MXI1,ITPR2
MXI1,CAMK2D
MXI1,ANKRD26
MXI1,WDFY1
MXI1,CPVL
MXI1,EXO1
MXI1,SEMA6D
MXI1,SEMA6A
MXI1,DDHD2
MXI1,EOMES
MXI1,TFAP2A
MXI1,ANXA3
MXI1,BAMBI
MXI1,STK38L
MXI1,TMSB15B
MXI1,DYNC1I1
MXI1,NRP2
MXI1,CER1
MXI1,ARHGAP42
MXI1,GPSM2
MXI1,DNA2
MXI1,MLLT3
MXI1,SEMA3A
MXI1,WLS
MXI1,INSIG2
MXI1,KLHL24
MXI1,RRN3
MXI1,TSPAN12
MXI1,KIAA1324L
MXI1,CNKSR3
MXI1,NDC80
MXI1,EGR1
MXI1,MAN1A1
MXI1,SNX18
MXI1,TEAD4
MXI1,RHOBTB3
MXI1,XRN1
MXI1,GPC6
BCL11A,PAM
BCL11A,KDM2B
BCL11A,TJP2
BCL11A,NUP54
BCL11A,TCF7L1
BCL11A,USP44
BCL11A,SNX16
BCL11A,SFRP2
BCL11A,CER1